id,title,latitude,longitude,accuracy,taken,url,local_path,location_name,location_type,region,tags,views,quality_score
flickr_000001,Mission San Juan Capistrano - Photo 1,33.50021998993087,-117.66181854300925,9,2025-10-04,https://live.staticflickr.com/photos/fake/1.jpg,data/real_world_images/flickr_000001.jpg,Mission San Juan Capistrano,historic,california,"['historic', 'landmark', 'architecture', 'travel']",2448,0.9208098747419604
flickr_000002,Mission San Juan Capistrano - Photo 2,33.50179653546002,-117.66195550104555,9,2025-10-04,https://live.staticflickr.com/photos/fake/2.jpg,data/real_world_images/flickr_000002.jpg,Mission San Juan Capistrano,historic,california,"['historic', 'landmark', 'architecture', 'travel']",8073,0.8468420725174252
flickr_000003,Mission San Juan Capistrano - Photo 3,33.50131563637795,-117.66363653292292,14,2025-10-04,https://live.staticflickr.com/photos/fake/3.jpg,data/real_world_images/flickr_000003.jpg,Mission San Juan Capistrano,historic,california,"['historic', 'landmark', 'architecture', 'travel']",4437,0.8384640719747597
flickr_000004,Mission San Juan Capistrano - Photo 4,33.5017357319801,-117.6623366176752,6,2025-10-04,https://live.staticflickr.com/photos/fake/4.jpg,data/real_world_images/flickr_000004.jpg,Mission San Juan Capistrano,historic,california,"['historic', 'landmark', 'architecture', 'travel']",9322,0.7458880867857023
flickr_000005,Mission San Juan Capistrano - Photo 5,33.50257066366599,-117.66276522354127,6,2025-10-04,https://live.staticflickr.com/photos/fake/5.jpg,data/real_world_images/flickr_000005.jpg,Mission San Juan Capistrano,historic,california,"['historic', 'landmark', 'architecture', 'travel']",8743,0.7291305242534823
flickr_000006,Mission San Juan Capistrano - Photo 6,33.50220468529126,-117.66290628319133,12,2025-10-04,https://live.staticflickr.com/photos/fake/6.jpg,data/real_world_images/flickr_000006.jpg,Mission San Juan Capistrano,historic,california,"['historic', 'landmark', 'architecture', 'travel']",2374,0.9087367790717515
flickr_000007,Mission San Juan Capistrano - Photo 7,33.503503868713025,-117.6623468362207,11,2025-10-04,https://live.staticflickr.com/photos/fake/7.jpg,data/real_world_images/flickr_000007.jpg,Mission San Juan Capistrano,historic,california,"['historic', 'landmark', 'architecture', 'travel']",8540,0.737524408763392
flickr_000008,Mission San Juan Capistrano - Photo 8,33.502256565232926,-117.6635329675447,10,2025-10-04,https://live.staticflickr.com/photos/fake/8.jpg,data/real_world_images/flickr_000008.jpg,Mission San Juan Capistrano,historic,california,"['historic', 'landmark', 'architecture', 'travel']",1990,0.7717289843658349
flickr_000009,Mission San Juan Capistrano - Photo 9,33.50220297602314,-117.66110443814739,5,2025-10-04,https://live.staticflickr.com/photos/fake/9.jpg,data/real_world_images/flickr_000009.jpg,Mission San Juan Capistrano,historic,california,"['historic', 'landmark', 'architecture', 'travel']",4568,0.9470684780966339
flickr_000010,Mission San Juan Capistrano - Photo 10,33.503727699427934,-117.66237222303066,15,2025-10-04,https://live.staticflickr.com/photos/fake/10.jpg,data/real_world_images/flickr_000010.jpg,Mission San Juan Capistrano,historic,california,"['historic', 'landmark', 'architecture', 'travel']",4740,0.8967791268785386
flickr_000011,Mission San Juan Capistrano - Photo 11,33.502198892216086,-117.66259742259771,6,2025-10-04,https://live.staticflickr.com/photos/fake/11.jpg,data/real_world_images/flickr_000011.jpg,Mission San Juan Capistrano,historic,california,"['historic', 'landmark', 'architecture', 'travel']",4998,0.934257723184693
flickr_000012,Mission San Juan Capistrano - Photo 12,33.50164057883191,-117.66136334047108,11,2025-10-04,https://live.staticflickr.com/photos/fake/12.jpg,data/real_world_images/flickr_000012.jpg,Mission San Juan Capistrano,historic,california,"['historic', 'landmark', 'architecture', 'travel']",2112,0.8507778090510745
flickr_000013,Mission San Juan Capistrano - Photo 13,33.502233079432095,-117.6624458670239,12,2025-10-04,https://live.staticflickr.com/photos/fake/13.jpg,data/real_world_images/flickr_000013.jpg,Mission San Juan Capistrano,historic,california,"['historic', 'landmark', 'architecture', 'travel']",1705,0.8767736987636271
flickr_000014,Mission Santa Barbara - Photo 1,34.43492852731289,-119.71389253845061,8,2025-10-04,https://live.staticflickr.com/photos/fake/14.jpg,data/real_world_images/flickr_000014.jpg,Mission Santa Barbara,historic,california,"['historic', 'landmark', 'architecture', 'travel']",8829,0.7035270300970782
flickr_000015,Mission Santa Barbara - Photo 2,34.43501665332252,-119.71480235331887,7,2025-10-04,https://live.staticflickr.com/photos/fake/15.jpg,data/real_world_images/flickr_000015.jpg,Mission Santa Barbara,historic,california,"['historic', 'landmark', 'architecture', 'travel']",3324,0.8186899998131786
flickr_000016,Mission Santa Barbara - Photo 3,34.43574651481319,-119.7147556018883,6,2025-10-04,https://live.staticflickr.com/photos/fake/16.jpg,data/real_world_images/flickr_000016.jpg,Mission Santa Barbara,historic,california,"['historic', 'landmark', 'architecture', 'travel']",6848,0.7306989834678059
flickr_000017,Mission Santa Barbara - Photo 4,34.435819910033054,-119.71323340227669,9,2025-10-04,https://live.staticflickr.com/photos/fake/17.jpg,data/real_world_images/flickr_000017.jpg,Mission Santa Barbara,historic,california,"['historic', 'landmark', 'architecture', 'travel']",644,0.9426850242512895
flickr_000018,Mission Santa Barbara - Photo 5,34.43776586105563,-119.71030263000432,10,2025-10-04,https://live.staticflickr.com/photos/fake/18.jpg,data/real_world_images/flickr_000018.jpg,Mission Santa Barbara,historic,california,"['historic', 'landmark', 'architecture', 'travel']",4754,0.7364854134064067
flickr_000019,Mission Santa Barbara - Photo 6,34.43647164211773,-119.71380019062605,7,2025-10-04,https://live.staticflickr.com/photos/fake/19.jpg,data/real_world_images/flickr_000019.jpg,Mission Santa Barbara,historic,california,"['historic', 'landmark', 'architecture', 'travel']",1448,0.74528993517043
flickr_000020,Mission Santa Barbara - Photo 7,34.436992772622354,-119.71503326182035,7,2025-10-04,https://live.staticflickr.com/photos/fake/20.jpg,data/real_world_images/flickr_000020.jpg,Mission Santa Barbara,historic,california,"['historic', 'landmark', 'architecture', 'travel']",4444,0.8454056324958601
flickr_000021,Mission Santa Barbara - Photo 8,34.436036847497526,-119.71331697905087,9,2025-10-04,https://live.staticflickr.com/photos/fake/21.jpg,data/real_world_images/flickr_000021.jpg,Mission Santa Barbara,historic,california,"['historic', 'landmark', 'architecture', 'travel']",1128,0.7616651326287697
flickr_000022,Mission Santa Barbara - Photo 9,34.43643239789634,-119.71291608080182,10,2025-10-04,https://live.staticflickr.com/photos/fake/22.jpg,data/real_world_images/flickr_000022.jpg,Mission Santa Barbara,historic,california,"['historic', 'landmark', 'architecture', 'travel']",4042,0.8568902634095179
flickr_000023,Mission Santa Barbara - Photo 10,34.436331942383646,-119.71378265886409,13,2025-10-04,https://live.staticflickr.com/photos/fake/23.jpg,data/real_world_images/flickr_000023.jpg,Mission Santa Barbara,historic,california,"['historic', 'landmark', 'architecture', 'travel']",8428,0.8103322524063473
flickr_000024,Mission Santa Barbara - Photo 11,34.436136543443666,-119.71336234195323,8,2025-10-04,https://live.staticflickr.com/photos/fake/24.jpg,data/real_world_images/flickr_000024.jpg,Mission Santa Barbara,historic,california,"['historic', 'landmark', 'architecture', 'travel']",7466,0.7550209399249357
flickr_000025,Mission Santa Barbara - Photo 12,34.43586254038986,-119.71400743268889,10,2025-10-04,https://live.staticflickr.com/photos/fake/25.jpg,data/real_world_images/flickr_000025.jpg,Mission Santa Barbara,historic,california,"['historic', 'landmark', 'architecture', 'travel']",6817,0.8159793695742523
flickr_000026,Mission Santa Barbara - Photo 13,34.43689550353597,-119.71383859214052,9,2025-10-04,https://live.staticflickr.com/photos/fake/26.jpg,data/real_world_images/flickr_000026.jpg,Mission Santa Barbara,historic,california,"['historic', 'landmark', 'architecture', 'travel']",5240,0.854313984781228
flickr_000027,Mission Santa Barbara - Photo 14,34.43622783913983,-119.715707603563,14,2025-10-04,https://live.staticflickr.com/photos/fake/27.jpg,data/real_world_images/flickr_000027.jpg,Mission Santa Barbara,historic,california,"['historic', 'landmark', 'architecture', 'travel']",1372,0.8647988184070758
flickr_000028,Mission Santa Barbara - Photo 15,34.43641788454054,-119.71375798589075,7,2025-10-04,https://live.staticflickr.com/photos/fake/28.jpg,data/real_world_images/flickr_000028.jpg,Mission Santa Barbara,historic,california,"['historic', 'landmark', 'architecture', 'travel']",1024,0.8827550362102594
flickr_000029,Mission San Francisco de Asís - Photo 1,37.773835472731704,-122.42058210875555,13,2025-10-04,https://live.staticflickr.com/photos/fake/29.jpg,data/real_world_images/flickr_000029.jpg,Mission San Francisco de Asís,historic,california,"['historic', 'landmark', 'architecture', 'travel']",7532,0.7175277037267661
flickr_000030,Mission San Francisco de Asís - Photo 2,37.77576215460568,-122.41857184612329,10,2025-10-04,https://live.staticflickr.com/photos/fake/30.jpg,data/real_world_images/flickr_000030.jpg,Mission San Francisco de Asís,historic,california,"['historic', 'landmark', 'architecture', 'travel']",8355,0.85032310858396
flickr_000031,Mission San Francisco de Asís - Photo 3,37.77327455471092,-122.4205963373585,5,2025-10-04,https://live.staticflickr.com/photos/fake/31.jpg,data/real_world_images/flickr_000031.jpg,Mission San Francisco de Asís,historic,california,"['historic', 'landmark', 'architecture', 'travel']",1697,0.7012894963929467
flickr_000032,Mission San Francisco de Asís - Photo 4,37.77573993613879,-122.42099463364666,14,2025-10-04,https://live.staticflickr.com/photos/fake/32.jpg,data/real_world_images/flickr_000032.jpg,Mission San Francisco de Asís,historic,california,"['historic', 'landmark', 'architecture', 'travel']",4796,0.93392554458406
flickr_000033,Mission San Francisco de Asís - Photo 5,37.774895845555065,-122.41777977163287,5,2025-10-04,https://live.staticflickr.com/photos/fake/33.jpg,data/real_world_images/flickr_000033.jpg,Mission San Francisco de Asís,historic,california,"['historic', 'landmark', 'architecture', 'travel']",5096,0.7731705834709959
flickr_000034,Mission San Francisco de Asís - Photo 6,37.775121366063196,-122.41937475737113,15,2025-10-04,https://live.staticflickr.com/photos/fake/34.jpg,data/real_world_images/flickr_000034.jpg,Mission San Francisco de Asís,historic,california,"['historic', 'landmark', 'architecture', 'travel']",8866,0.7398502298190144
flickr_000035,Mission San Francisco de Asís - Photo 7,37.776273385858325,-122.41878368164477,6,2025-10-04,https://live.staticflickr.com/photos/fake/35.jpg,data/real_world_images/flickr_000035.jpg,Mission San Francisco de Asís,historic,california,"['historic', 'landmark', 'architecture', 'travel']",3518,0.9113196505649739
flickr_000036,Mission San Francisco de Asís - Photo 8,37.773698141631805,-122.41824687412738,6,2025-10-04,https://live.staticflickr.com/photos/fake/36.jpg,data/real_world_images/flickr_000036.jpg,Mission San Francisco de Asís,historic,california,"['historic', 'landmark', 'architecture', 'travel']",4658,0.876197587108938
flickr_000037,Mission San Francisco de Asís - Photo 9,37.77368548044119,-122.4182342952743,6,2025-10-04,https://live.staticflickr.com/photos/fake/37.jpg,data/real_world_images/flickr_000037.jpg,Mission San Francisco de Asís,historic,california,"['historic', 'landmark', 'architecture', 'travel']",7969,0.9009498690494943
flickr_000038,Mission San Francisco de Asís - Photo 10,37.77485316513431,-122.41877095509518,14,2025-10-04,https://live.staticflickr.com/photos/fake/38.jpg,data/real_world_images/flickr_000038.jpg,Mission San Francisco de Asís,historic,california,"['historic', 'landmark', 'architecture', 'travel']",7865,0.8607768848311577
flickr_000039,Mission San Francisco de Asís - Photo 11,37.773458375665136,-122.41860122563433,5,2025-10-04,https://live.staticflickr.com/photos/fake/39.jpg,data/real_world_images/flickr_000039.jpg,Mission San Francisco de Asís,historic,california,"['historic', 'landmark', 'architecture', 'travel']",7539,0.7506618283095077
flickr_000040,Mission San Francisco de Asís - Photo 12,37.77445698933326,-122.41835686550723,14,2025-10-04,https://live.staticflickr.com/photos/fake/40.jpg,data/real_world_images/flickr_000040.jpg,Mission San Francisco de Asís,historic,california,"['historic', 'landmark', 'architecture', 'travel']",2398,0.9195688486931018
flickr_000041,Mission San Francisco de Asís - Photo 13,37.77505889510516,-122.42022431461328,13,2025-10-04,https://live.staticflickr.com/photos/fake/41.jpg,data/real_world_images/flickr_000041.jpg,Mission San Francisco de Asís,historic,california,"['historic', 'landmark', 'architecture', 'travel']",7862,0.8381146839631526
flickr_000042,Golden Gate Bridge - Photo 1,37.8201829181558,-122.4773426177343,14,2025-10-04,https://live.staticflickr.com/photos/fake/42.jpg,data/real_world_images/flickr_000042.jpg,Golden Gate Bridge,landmark,california,"['landmark', 'landmark', 'architecture', 'travel']",1313,0.7227796998706004
flickr_000043,Golden Gate Bridge - Photo 2,37.81989474568431,-122.4771539524036,7,2025-10-04,https://live.staticflickr.com/photos/fake/43.jpg,data/real_world_images/flickr_000043.jpg,Golden Gate Bridge,landmark,california,"['landmark', 'landmark', 'architecture', 'travel']",1131,0.7449716674297445
flickr_000044,Golden Gate Bridge - Photo 3,37.821177791362324,-122.48016730319985,9,2025-10-04,https://live.staticflickr.com/photos/fake/44.jpg,data/real_world_images/flickr_000044.jpg,Golden Gate Bridge,landmark,california,"['landmark', 'landmark', 'architecture', 'travel']",2465,0.8081472914440615
flickr_000045,Golden Gate Bridge - Photo 4,37.82100168685366,-122.47828822779579,6,2025-10-04,https://live.staticflickr.com/photos/fake/45.jpg,data/real_world_images/flickr_000045.jpg,Golden Gate Bridge,landmark,california,"['landmark', 'landmark', 'architecture', 'travel']",1991,0.8028774437841517
flickr_000046,Golden Gate Bridge - Photo 5,37.81946011699994,-122.47778814539028,6,2025-10-04,https://live.staticflickr.com/photos/fake/46.jpg,data/real_world_images/flickr_000046.jpg,Golden Gate Bridge,landmark,california,"['landmark', 'landmark', 'architecture', 'travel']",4376,0.8377794737736076
flickr_000047,Golden Gate Bridge - Photo 6,37.81950590165088,-122.47875064930506,8,2025-10-04,https://live.staticflickr.com/photos/fake/47.jpg,data/real_world_images/flickr_000047.jpg,Golden Gate Bridge,landmark,california,"['landmark', 'landmark', 'architecture', 'travel']",3112,0.8337823047367363
flickr_000048,Golden Gate Bridge - Photo 7,37.819627536517416,-122.47524523539417,6,2025-10-04,https://live.staticflickr.com/photos/fake/48.jpg,data/real_world_images/flickr_000048.jpg,Golden Gate Bridge,landmark,california,"['landmark', 'landmark', 'architecture', 'travel']",5523,0.7118802065773441
flickr_000049,Empire State Building - Photo 1,40.74800727074635,-73.98612650222631,10,2025-10-04,https://live.staticflickr.com/photos/fake/49.jpg,data/real_world_images/flickr_000049.jpg,Empire State Building,urban,new_york,"['urban', 'landmark', 'architecture', 'travel']",9946,0.9319576042885591
flickr_000050,Empire State Building - Photo 2,40.74846837667473,-73.98699531879427,12,2025-10-04,https://live.staticflickr.com/photos/fake/50.jpg,data/real_world_images/flickr_000050.jpg,Empire State Building,urban,new_york,"['urban', 'landmark', 'architecture', 'travel']",3699,0.7186860439839435
flickr_000051,Empire State Building - Photo 3,40.748013394551705,-73.9856934811795,7,2025-10-04,https://live.staticflickr.com/photos/fake/51.jpg,data/real_world_images/flickr_000051.jpg,Empire State Building,urban,new_york,"['urban', 'landmark', 'architecture', 'travel']",629,0.8078967664855173
flickr_000052,Empire State Building - Photo 4,40.74877184118735,-73.98254572945217,5,2025-10-04,https://live.staticflickr.com/photos/fake/52.jpg,data/real_world_images/flickr_000052.jpg,Empire State Building,urban,new_york,"['urban', 'landmark', 'architecture', 'travel']",2671,0.7678659765999131
flickr_000053,Empire State Building - Photo 5,40.75012067911502,-73.98392229941417,5,2025-10-04,https://live.staticflickr.com/photos/fake/53.jpg,data/real_world_images/flickr_000053.jpg,Empire State Building,urban,new_york,"['urban', 'landmark', 'architecture', 'travel']",7939,0.8962191407761974
flickr_000054,Empire State Building - Photo 6,40.746495050268216,-73.9845307717093,10,2025-10-04,https://live.staticflickr.com/photos/fake/54.jpg,data/real_world_images/flickr_000054.jpg,Empire State Building,urban,new_york,"['urban', 'landmark', 'architecture', 'travel']",1510,0.935345170240493
flickr_000055,Empire State Building - Photo 7,40.74760630562527,-73.98618359285581,10,2025-10-04,https://live.staticflickr.com/photos/fake/55.jpg,data/real_world_images/flickr_000055.jpg,Empire State Building,urban,new_york,"['urban', 'landmark', 'architecture', 'travel']",4611,0.7638764682381655
flickr_000056,Empire State Building - Photo 8,40.748495945919046,-73.98700992350149,15,2025-10-04,https://live.staticflickr.com/photos/fake/56.jpg,data/real_world_images/flickr_000056.jpg,Empire State Building,urban,new_york,"['urban', 'landmark', 'architecture', 'travel']",1290,0.7210405511454185
flickr_000057,Empire State Building - Photo 9,40.7483222081773,-73.98622893738587,10,2025-10-04,https://live.staticflickr.com/photos/fake/57.jpg,data/real_world_images/flickr_000057.jpg,Empire State Building,urban,new_york,"['urban', 'landmark', 'architecture', 'travel']",7583,0.871692384910985
flickr_000058,Empire State Building - Photo 10,40.74904814437798,-73.98561501834227,7,2025-10-04,https://live.staticflickr.com/photos/fake/58.jpg,data/real_world_images/flickr_000058.jpg,Empire State Building,urban,new_york,"['urban', 'landmark', 'architecture', 'travel']",1524,0.812918107908176
flickr_000059,Empire State Building - Photo 11,40.747581559226,-73.98398167118286,9,2025-10-04,https://live.staticflickr.com/photos/fake/59.jpg,data/real_world_images/flickr_000059.jpg,Empire State Building,urban,new_york,"['urban', 'landmark', 'architecture', 'travel']",7605,0.8489975463822792
flickr_000060,Empire State Building - Photo 12,40.74925397963827,-73.98487188616201,13,2025-10-04,https://live.staticflickr.com/photos/fake/60.jpg,data/real_world_images/flickr_000060.jpg,Empire State Building,urban,new_york,"['urban', 'landmark', 'architecture', 'travel']",4015,0.7534310158796833
flickr_000061,Empire State Building - Photo 13,40.749196890629904,-73.98706212397676,5,2025-10-04,https://live.staticflickr.com/photos/fake/61.jpg,data/real_world_images/flickr_000061.jpg,Empire State Building,urban,new_york,"['urban', 'landmark', 'architecture', 'travel']",4384,0.8621733374366501
flickr_000062,Empire State Building - Photo 14,40.748675253174966,-73.98665274406225,8,2025-10-04,https://live.staticflickr.com/photos/fake/62.jpg,data/real_world_images/flickr_000062.jpg,Empire State Building,urban,new_york,"['urban', 'landmark', 'architecture', 'travel']",3646,0.711880003803409
flickr_000063,Empire State Building - Photo 15,40.74765281228902,-73.9855332309533,10,2025-10-04,https://live.staticflickr.com/photos/fake/63.jpg,data/real_world_images/flickr_000063.jpg,Empire State Building,urban,new_york,"['urban', 'landmark', 'architecture', 'travel']",9404,0.8621760755662999
flickr_000064,Statue of Liberty - Photo 1,40.68866653466719,-74.04412197792234,5,2025-10-04,https://live.staticflickr.com/photos/fake/64.jpg,data/real_world_images/flickr_000064.jpg,Statue of Liberty,landmark,new_york,"['landmark', 'landmark', 'architecture', 'travel']",489,0.7016763432716484
flickr_000065,Statue of Liberty - Photo 2,40.68902755058311,-74.04452303476569,10,2025-10-04,https://live.staticflickr.com/photos/fake/65.jpg,data/real_world_images/flickr_000065.jpg,Statue of Liberty,landmark,new_york,"['landmark', 'landmark', 'architecture', 'travel']",8539,0.7749942795345285
flickr_000066,Statue of Liberty - Photo 3,40.68952784191965,-74.04490787888136,13,2025-10-04,https://live.staticflickr.com/photos/fake/66.jpg,data/real_world_images/flickr_000066.jpg,Statue of Liberty,landmark,new_york,"['landmark', 'landmark', 'architecture', 'travel']",2871,0.9052746464686918
flickr_000067,Statue of Liberty - Photo 4,40.69056285634574,-74.04670322442107,11,2025-10-04,https://live.staticflickr.com/photos/fake/67.jpg,data/real_world_images/flickr_000067.jpg,Statue of Liberty,landmark,new_york,"['landmark', 'landmark', 'architecture', 'travel']",1523,0.8988570874259196
flickr_000068,Statue of Liberty - Photo 5,40.68882982274118,-74.04327139731213,13,2025-10-04,https://live.staticflickr.com/photos/fake/68.jpg,data/real_world_images/flickr_000068.jpg,Statue of Liberty,landmark,new_york,"['landmark', 'landmark', 'architecture', 'travel']",8278,0.7834250518766439
flickr_000069,Statue of Liberty - Photo 6,40.68897457965377,-74.04368681935397,12,2025-10-04,https://live.staticflickr.com/photos/fake/69.jpg,data/real_world_images/flickr_000069.jpg,Statue of Liberty,landmark,new_york,"['landmark', 'landmark', 'architecture', 'travel']",7817,0.8548231970225721
flickr_000070,Statue of Liberty - Photo 7,40.68967699024297,-74.04376560672937,6,2025-10-04,https://live.staticflickr.com/photos/fake/70.jpg,data/real_world_images/flickr_000070.jpg,Statue of Liberty,landmark,new_york,"['landmark', 'landmark', 'architecture', 'travel']",3116,0.7249551724884185
flickr_000071,Statue of Liberty - Photo 8,40.69042405708456,-74.04305797627293,14,2025-10-04,https://live.staticflickr.com/photos/fake/71.jpg,data/real_world_images/flickr_000071.jpg,Statue of Liberty,landmark,new_york,"['landmark', 'landmark', 'architecture', 'travel']",768,0.8301184376868007
flickr_000072,Statue of Liberty - Photo 9,40.686518001553345,-74.04420389781751,8,2025-10-04,https://live.staticflickr.com/photos/fake/72.jpg,data/real_world_images/flickr_000072.jpg,Statue of Liberty,landmark,new_york,"['landmark', 'landmark', 'architecture', 'travel']",8034,0.8801849164220932
flickr_000073,Statue of Liberty - Photo 10,40.689379371123266,-74.0433665114207,10,2025-10-04,https://live.staticflickr.com/photos/fake/73.jpg,data/real_world_images/flickr_000073.jpg,Statue of Liberty,landmark,new_york,"['landmark', 'landmark', 'architecture', 'travel']",8948,0.753811044218855
flickr_000074,Eiffel Tower - Photo 1,48.85765651320426,2.2939473485564905,11,2025-10-04,https://live.staticflickr.com/photos/fake/74.jpg,data/real_world_images/flickr_000074.jpg,Eiffel Tower,landmark,paris,"['landmark', 'landmark', 'architecture', 'travel']",2803,0.8881134950488174
flickr_000075,Eiffel Tower - Photo 2,48.85797633065375,2.293258436356489,9,2025-10-04,https://live.staticflickr.com/photos/fake/75.jpg,data/real_world_images/flickr_000075.jpg,Eiffel Tower,landmark,paris,"['landmark', 'landmark', 'architecture', 'travel']",9377,0.8488137117749069
flickr_000076,Eiffel Tower - Photo 3,48.858366388935295,2.2942719453728286,15,2025-10-04,https://live.staticflickr.com/photos/fake/76.jpg,data/real_world_images/flickr_000076.jpg,Eiffel Tower,landmark,paris,"['landmark', 'landmark', 'architecture', 'travel']",7634,0.7478074170062904
flickr_000077,Eiffel Tower - Photo 4,48.858434435298896,2.2938738031354706,12,2025-10-04,https://live.staticflickr.com/photos/fake/77.jpg,data/real_world_images/flickr_000077.jpg,Eiffel Tower,landmark,paris,"['landmark', 'landmark', 'architecture', 'travel']",6266,0.825746316996398
flickr_000078,Eiffel Tower - Photo 5,48.85707355301568,2.294721538875934,5,2025-10-04,https://live.staticflickr.com/photos/fake/78.jpg,data/real_world_images/flickr_000078.jpg,Eiffel Tower,landmark,paris,"['landmark', 'landmark', 'architecture', 'travel']",1027,0.8134890404638582
flickr_000079,Eiffel Tower - Photo 6,48.85990060439497,2.2947343419119637,5,2025-10-04,https://live.staticflickr.com/photos/fake/79.jpg,data/real_world_images/flickr_000079.jpg,Eiffel Tower,landmark,paris,"['landmark', 'landmark', 'architecture', 'travel']",8419,0.7798234191076342
flickr_000080,Eiffel Tower - Photo 7,48.85741021955487,2.2933156074652894,9,2025-10-04,https://live.staticflickr.com/photos/fake/80.jpg,data/real_world_images/flickr_000080.jpg,Eiffel Tower,landmark,paris,"['landmark', 'landmark', 'architecture', 'travel']",7771,0.8786619149004005
flickr_000081,Eiffel Tower - Photo 8,48.85584094780584,2.2942469702377504,11,2025-10-04,https://live.staticflickr.com/photos/fake/81.jpg,data/real_world_images/flickr_000081.jpg,Eiffel Tower,landmark,paris,"['landmark', 'landmark', 'architecture', 'travel']",8131,0.7581867958713546
flickr_000082,Eiffel Tower - Photo 9,48.858222924798866,2.2938843497119525,9,2025-10-04,https://live.staticflickr.com/photos/fake/82.jpg,data/real_world_images/flickr_000082.jpg,Eiffel Tower,landmark,paris,"['landmark', 'landmark', 'architecture', 'travel']",3729,0.8237782306388536
flickr_000083,Eiffel Tower - Photo 10,48.85949646882353,2.294116043117518,9,2025-10-04,https://live.staticflickr.com/photos/fake/83.jpg,data/real_world_images/flickr_000083.jpg,Eiffel Tower,landmark,paris,"['landmark', 'landmark', 'architecture', 'travel']",4243,0.879690981649686
flickr_000084,Tower Bridge - Photo 1,51.505997745223624,-0.07772657184167338,8,2025-10-04,https://live.staticflickr.com/photos/fake/84.jpg,data/real_world_images/flickr_000084.jpg,Tower Bridge,landmark,london,"['landmark', 'landmark', 'architecture', 'travel']",4611,0.7295656935371178
flickr_000085,Tower Bridge - Photo 2,51.50471692513353,-0.07567847810650037,15,2025-10-04,https://live.staticflickr.com/photos/fake/85.jpg,data/real_world_images/flickr_000085.jpg,Tower Bridge,landmark,london,"['landmark', 'landmark', 'architecture', 'travel']",2521,0.9319349070292196
flickr_000086,Tower Bridge - Photo 3,51.50559988985179,-0.07581528294771422,9,2025-10-04,https://live.staticflickr.com/photos/fake/86.jpg,data/real_world_images/flickr_000086.jpg,Tower Bridge,landmark,london,"['landmark', 'landmark', 'architecture', 'travel']",335,0.7472850282875638
flickr_000087,Tower Bridge - Photo 4,51.50682972807755,-0.0755118060098855,10,2025-10-04,https://live.staticflickr.com/photos/fake/87.jpg,data/real_world_images/flickr_000087.jpg,Tower Bridge,landmark,london,"['landmark', 'landmark', 'architecture', 'travel']",6823,0.7392690376430775
flickr_000088,Tower Bridge - Photo 5,51.50609073439592,-0.0759674030684908,13,2025-10-04,https://live.staticflickr.com/photos/fake/88.jpg,data/real_world_images/flickr_000088.jpg,Tower Bridge,landmark,london,"['landmark', 'landmark', 'architecture', 'travel']",769,0.7550613209302048
flickr_000089,Tower Bridge - Photo 6,51.50646372379499,-0.07532645758880191,6,2025-10-04,https://live.staticflickr.com/photos/fake/89.jpg,data/real_world_images/flickr_000089.jpg,Tower Bridge,landmark,london,"['landmark', 'landmark', 'architecture', 'travel']",7249,0.8998250029700109
flickr_000090,Tower Bridge - Photo 7,51.50579881050562,-0.07585458636903672,5,2025-10-04,https://live.staticflickr.com/photos/fake/90.jpg,data/real_world_images/flickr_000090.jpg,Tower Bridge,landmark,london,"['landmark', 'landmark', 'architecture', 'travel']",1135,0.7100633269175002
flickr_000091,Grand Canyon - Photo 1,36.10555903375332,-112.11165841502466,7,2025-10-04,https://live.staticflickr.com/photos/fake/91.jpg,data/real_world_images/flickr_000091.jpg,Grand Canyon,natural,arizona,"['natural', 'landmark', 'architecture', 'travel']",2764,0.898544182923432
flickr_000092,Grand Canyon - Photo 2,36.107915115534375,-112.11116525557665,9,2025-10-04,https://live.staticflickr.com/photos/fake/92.jpg,data/real_world_images/flickr_000092.jpg,Grand Canyon,natural,arizona,"['natural', 'landmark', 'architecture', 'travel']",6755,0.9215949996433607
flickr_000093,Grand Canyon - Photo 3,36.108316007696416,-112.1125614620446,6,2025-10-04,https://live.staticflickr.com/photos/fake/93.jpg,data/real_world_images/flickr_000093.jpg,Grand Canyon,natural,arizona,"['natural', 'landmark', 'architecture', 'travel']",1472,0.7052579580352711
flickr_000094,Grand Canyon - Photo 4,36.10649253284527,-112.11223573184685,8,2025-10-04,https://live.staticflickr.com/photos/fake/94.jpg,data/real_world_images/flickr_000094.jpg,Grand Canyon,natural,arizona,"['natural', 'landmark', 'architecture', 'travel']",2958,0.9261544527487702
flickr_000095,Grand Canyon - Photo 5,36.10612931476584,-112.11347495428272,14,2025-10-04,https://live.staticflickr.com/photos/fake/95.jpg,data/real_world_images/flickr_000095.jpg,Grand Canyon,natural,arizona,"['natural', 'landmark', 'architecture', 'travel']",9047,0.7272209334735046
flickr_000096,Grand Canyon - Photo 6,36.107066294765495,-112.11384903122674,15,2025-10-04,https://live.staticflickr.com/photos/fake/96.jpg,data/real_world_images/flickr_000096.jpg,Grand Canyon,natural,arizona,"['natural', 'landmark', 'architecture', 'travel']",1505,0.880840760290689
flickr_000097,Grand Canyon - Photo 7,36.107293291304,-112.11341478988031,14,2025-10-04,https://live.staticflickr.com/photos/fake/97.jpg,data/real_world_images/flickr_000097.jpg,Grand Canyon,natural,arizona,"['natural', 'landmark', 'architecture', 'travel']",5169,0.8539225765113898
flickr_000098,Grand Canyon - Photo 8,36.10817507991382,-112.114195419966,15,2025-10-04,https://live.staticflickr.com/photos/fake/98.jpg,data/real_world_images/flickr_000098.jpg,Grand Canyon,natural,arizona,"['natural', 'landmark', 'architecture', 'travel']",760,0.7220732512994865
flickr_000099,Grand Canyon - Photo 9,36.107837893827636,-112.1122786098232,7,2025-10-04,https://live.staticflickr.com/photos/fake/99.jpg,data/real_world_images/flickr_000099.jpg,Grand Canyon,natural,arizona,"['natural', 'landmark', 'architecture', 'travel']",5374,0.8492755154274914
flickr_000100,Grand Canyon - Photo 10,36.106150531313695,-112.11277976550986,7,2025-10-04,https://live.staticflickr.com/photos/fake/100.jpg,data/real_world_images/flickr_000100.jpg,Grand Canyon,natural,arizona,"['natural', 'landmark', 'architecture', 'travel']",2932,0.8707479764455301
flickr_000101,Grand Canyon - Photo 11,36.10611537667691,-112.11082917887829,11,2025-10-04,https://live.staticflickr.com/photos/fake/101.jpg,data/real_world_images/flickr_000101.jpg,Grand Canyon,natural,arizona,"['natural', 'landmark', 'architecture', 'travel']",5657,0.9409459472845008
flickr_000102,Grand Canyon - Photo 12,36.10567316319203,-112.11182150217117,9,2025-10-04,https://live.staticflickr.com/photos/fake/102.jpg,data/real_world_images/flickr_000102.jpg,Grand Canyon,natural,arizona,"['natural', 'landmark', 'architecture', 'travel']",6772,0.8649707350349708
flickr_000103,Grand Canyon - Photo 13,36.1075821877154,-112.114318495828,6,2025-10-04,https://live.staticflickr.com/photos/fake/103.jpg,data/real_world_images/flickr_000103.jpg,Grand Canyon,natural,arizona,"['natural', 'landmark', 'architecture', 'travel']",2234,0.7573272658351904
flickr_000104,Grand Canyon - Photo 14,36.10779287535622,-112.1135549149843,14,2025-10-04,https://live.staticflickr.com/photos/fake/104.jpg,data/real_world_images/flickr_000104.jpg,Grand Canyon,natural,arizona,"['natural', 'landmark', 'architecture', 'travel']",5359,0.787088028957271
flickr_000105,Grand Canyon - Photo 15,36.10743036545119,-112.1111888764377,15,2025-10-04,https://live.staticflickr.com/photos/fake/105.jpg,data/real_world_images/flickr_000105.jpg,Grand Canyon,natural,arizona,"['natural', 'landmark', 'architecture', 'travel']",5083,0.9316664083130382
flickr_000106,Yosemite Valley - Photo 1,37.74708356953567,-119.59333041080703,13,2025-10-04,https://live.staticflickr.com/photos/fake/106.jpg,data/real_world_images/flickr_000106.jpg,Yosemite Valley,natural,california,"['natural', 'landmark', 'architecture', 'travel']",7643,0.8347768687596069
flickr_000107,Yosemite Valley - Photo 2,37.74700319012875,-119.59268521746199,13,2025-10-04,https://live.staticflickr.com/photos/fake/107.jpg,data/real_world_images/flickr_000107.jpg,Yosemite Valley,natural,california,"['natural', 'landmark', 'architecture', 'travel']",1332,0.8908868374871894
flickr_000108,Yosemite Valley - Photo 3,37.7464789720506,-119.59399060626313,10,2025-10-04,https://live.staticflickr.com/photos/fake/108.jpg,data/real_world_images/flickr_000108.jpg,Yosemite Valley,natural,california,"['natural', 'landmark', 'architecture', 'travel']",2638,0.856207495308499
flickr_000109,Yosemite Valley - Photo 4,37.74450077903061,-119.59255054244198,13,2025-10-04,https://live.staticflickr.com/photos/fake/109.jpg,data/real_world_images/flickr_000109.jpg,Yosemite Valley,natural,california,"['natural', 'landmark', 'architecture', 'travel']",3017,0.8201289619552918
flickr_000110,Yosemite Valley - Photo 5,37.74560953132308,-119.5942134033719,7,2025-10-04,https://live.staticflickr.com/photos/fake/110.jpg,data/real_world_images/flickr_000110.jpg,Yosemite Valley,natural,california,"['natural', 'landmark', 'architecture', 'travel']",7750,0.8925891283316861
flickr_000111,Yosemite Valley - Photo 6,37.74544498336009,-119.59495929817757,10,2025-10-04,https://live.staticflickr.com/photos/fake/111.jpg,data/real_world_images/flickr_000111.jpg,Yosemite Valley,natural,california,"['natural', 'landmark', 'architecture', 'travel']",6645,0.9428235001576463
flickr_000112,Yosemite Valley - Photo 7,37.74503356440556,-119.59217574753896,12,2025-10-04,https://live.staticflickr.com/photos/fake/112.jpg,data/real_world_images/flickr_000112.jpg,Yosemite Valley,natural,california,"['natural', 'landmark', 'architecture', 'travel']",9032,0.7653793337422653
flickr_000113,Yosemite Valley - Photo 8,37.74270932985384,-119.5936938623339,14,2025-10-04,https://live.staticflickr.com/photos/fake/113.jpg,data/real_world_images/flickr_000113.jpg,Yosemite Valley,natural,california,"['natural', 'landmark', 'architecture', 'travel']",8821,0.8074237266583906
flickr_000114,Yosemite Valley - Photo 9,37.74658033826209,-119.5930102748116,10,2025-10-04,https://live.staticflickr.com/photos/fake/114.jpg,data/real_world_images/flickr_000114.jpg,Yosemite Valley,natural,california,"['natural', 'landmark', 'architecture', 'travel']",5188,0.8798158008408083
flickr_000115,Yosemite Valley - Photo 10,37.747720508019235,-119.5932056183019,5,2025-10-04,https://live.staticflickr.com/photos/fake/115.jpg,data/real_world_images/flickr_000115.jpg,Yosemite Valley,natural,california,"['natural', 'landmark', 'architecture', 'travel']",613,0.7769130266422729
flickr_000116,Yellowstone Geyser - Photo 1,44.42860894584241,-110.58858275618213,10,2025-10-04,https://live.staticflickr.com/photos/fake/116.jpg,data/real_world_images/flickr_000116.jpg,Yellowstone Geyser,natural,wyoming,"['natural', 'landmark', 'architecture', 'travel']",1199,0.8077266854514742
flickr_000117,Yellowstone Geyser - Photo 2,44.430548226897386,-110.58952774797498,11,2025-10-04,https://live.staticflickr.com/photos/fake/117.jpg,data/real_world_images/flickr_000117.jpg,Yellowstone Geyser,natural,wyoming,"['natural', 'landmark', 'architecture', 'travel']",3899,0.9028821802617981
flickr_000118,Yellowstone Geyser - Photo 3,44.42760311653571,-110.58720956175915,6,2025-10-04,https://live.staticflickr.com/photos/fake/118.jpg,data/real_world_images/flickr_000118.jpg,Yellowstone Geyser,natural,wyoming,"['natural', 'landmark', 'architecture', 'travel']",9107,0.7538187873069911
flickr_000119,Yellowstone Geyser - Photo 4,44.4275978647803,-110.5885720948807,8,2025-10-04,https://live.staticflickr.com/photos/fake/119.jpg,data/real_world_images/flickr_000119.jpg,Yellowstone Geyser,natural,wyoming,"['natural', 'landmark', 'architecture', 'travel']",9933,0.8823598818069912
flickr_000120,Yellowstone Geyser - Photo 5,44.42791459578914,-110.5867710852153,8,2025-10-04,https://live.staticflickr.com/photos/fake/120.jpg,data/real_world_images/flickr_000120.jpg,Yellowstone Geyser,natural,wyoming,"['natural', 'landmark', 'architecture', 'travel']",5183,0.7736374216663381
flickr_000121,Yellowstone Geyser - Photo 6,44.429102721187384,-110.58725217564213,12,2025-10-04,https://live.staticflickr.com/photos/fake/121.jpg,data/real_world_images/flickr_000121.jpg,Yellowstone Geyser,natural,wyoming,"['natural', 'landmark', 'architecture', 'travel']",2453,0.7400295116970906
flickr_000122,Yellowstone Geyser - Photo 7,44.42791720694984,-110.58933731473891,14,2025-10-04,https://live.staticflickr.com/photos/fake/122.jpg,data/real_world_images/flickr_000122.jpg,Yellowstone Geyser,natural,wyoming,"['natural', 'landmark', 'architecture', 'travel']",3705,0.7568881165948456
flickr_000123,Yellowstone Geyser - Photo 8,44.42682276594782,-110.58777767354088,12,2025-10-04,https://live.staticflickr.com/photos/fake/123.jpg,data/real_world_images/flickr_000123.jpg,Yellowstone Geyser,natural,wyoming,"['natural', 'landmark', 'architecture', 'travel']",6041,0.7463077752642654
flickr_000124,Yellowstone Geyser - Photo 9,44.429517274912584,-110.58847673279985,10,2025-10-04,https://live.staticflickr.com/photos/fake/124.jpg,data/real_world_images/flickr_000124.jpg,Yellowstone Geyser,natural,wyoming,"['natural', 'landmark', 'architecture', 'travel']",3879,0.7265464083719864
flickr_000125,Yellowstone Geyser - Photo 10,44.42742835111903,-110.59089837877514,8,2025-10-04,https://live.staticflickr.com/photos/fake/125.jpg,data/real_world_images/flickr_000125.jpg,Yellowstone Geyser,natural,wyoming,"['natural', 'landmark', 'architecture', 'travel']",8521,0.7004028292411504
flickr_000126,Waikiki Beach - Photo 1,21.279049418303032,-157.82890157437936,13,2025-10-04,https://live.staticflickr.com/photos/fake/126.jpg,data/real_world_images/flickr_000126.jpg,Waikiki Beach,beach,hawaii,"['beach', 'landmark', 'architecture', 'travel']",3113,0.8801123819925456
flickr_000127,Waikiki Beach - Photo 2,21.27925523786519,-157.83049563994166,15,2025-10-04,https://live.staticflickr.com/photos/fake/127.jpg,data/real_world_images/flickr_000127.jpg,Waikiki Beach,beach,hawaii,"['beach', 'landmark', 'architecture', 'travel']",856,0.7294084065142564
flickr_000128,Waikiki Beach - Photo 3,21.27881716671072,-157.8294420132504,8,2025-10-04,https://live.staticflickr.com/photos/fake/128.jpg,data/real_world_images/flickr_000128.jpg,Waikiki Beach,beach,hawaii,"['beach', 'landmark', 'architecture', 'travel']",5507,0.8213346929030383
flickr_000129,Waikiki Beach - Photo 4,21.278914594686803,-157.82831992745793,8,2025-10-04,https://live.staticflickr.com/photos/fake/129.jpg,data/real_world_images/flickr_000129.jpg,Waikiki Beach,beach,hawaii,"['beach', 'landmark', 'architecture', 'travel']",6339,0.7502292535534513
flickr_000130,Waikiki Beach - Photo 5,21.280474967548034,-157.82947799971555,5,2025-10-04,https://live.staticflickr.com/photos/fake/130.jpg,data/real_world_images/flickr_000130.jpg,Waikiki Beach,beach,hawaii,"['beach', 'landmark', 'architecture', 'travel']",6542,0.8913791995295944
flickr_000131,Waikiki Beach - Photo 6,21.280102969621517,-157.82925161436765,12,2025-10-04,https://live.staticflickr.com/photos/fake/131.jpg,data/real_world_images/flickr_000131.jpg,Waikiki Beach,beach,hawaii,"['beach', 'landmark', 'architecture', 'travel']",5130,0.7670176794588235
flickr_000132,Waikiki Beach - Photo 7,21.278688396589143,-157.82953406150222,6,2025-10-04,https://live.staticflickr.com/photos/fake/132.jpg,data/real_world_images/flickr_000132.jpg,Waikiki Beach,beach,hawaii,"['beach', 'landmark', 'architecture', 'travel']",7835,0.7008691082930445
flickr_000133,Waikiki Beach - Photo 8,21.278269193392465,-157.82923692225197,6,2025-10-04,https://live.staticflickr.com/photos/fake/133.jpg,data/real_world_images/flickr_000133.jpg,Waikiki Beach,beach,hawaii,"['beach', 'landmark', 'architecture', 'travel']",3564,0.8455501285544683
flickr_000134,Santa Monica Pier - Photo 1,34.009582341793816,-118.49690901223664,5,2025-10-04,https://live.staticflickr.com/photos/fake/134.jpg,data/real_world_images/flickr_000134.jpg,Santa Monica Pier,beach,california,"['beach', 'landmark', 'architecture', 'travel']",6972,0.8118712020573169
flickr_000135,Santa Monica Pier - Photo 2,34.00996832403065,-118.49857453331187,10,2025-10-04,https://live.staticflickr.com/photos/fake/135.jpg,data/real_world_images/flickr_000135.jpg,Santa Monica Pier,beach,california,"['beach', 'landmark', 'architecture', 'travel']",5966,0.7327913089609481
flickr_000136,Santa Monica Pier - Photo 3,34.00975547160619,-118.49776452243746,7,2025-10-04,https://live.staticflickr.com/photos/fake/136.jpg,data/real_world_images/flickr_000136.jpg,Santa Monica Pier,beach,california,"['beach', 'landmark', 'architecture', 'travel']",3272,0.8631828018878577
flickr_000137,Santa Monica Pier - Photo 4,34.00987108016182,-118.49784683212158,14,2025-10-04,https://live.staticflickr.com/photos/fake/137.jpg,data/real_world_images/flickr_000137.jpg,Santa Monica Pier,beach,california,"['beach', 'landmark', 'architecture', 'travel']",9334,0.8493335879009662
flickr_000138,Santa Monica Pier - Photo 5,34.010527387464776,-118.49807427555484,5,2025-10-04,https://live.staticflickr.com/photos/fake/138.jpg,data/real_world_images/flickr_000138.jpg,Santa Monica Pier,beach,california,"['beach', 'landmark', 'architecture', 'travel']",5385,0.8269299098830634
flickr_000139,Santa Monica Pier - Photo 6,34.011066012927145,-118.49849294851525,7,2025-10-04,https://live.staticflickr.com/photos/fake/139.jpg,data/real_world_images/flickr_000139.jpg,Santa Monica Pier,beach,california,"['beach', 'landmark', 'architecture', 'travel']",3331,0.7854092239047967
flickr_000140,Santa Monica Pier - Photo 7,34.01133000154411,-118.4974935382656,9,2025-10-04,https://live.staticflickr.com/photos/fake/140.jpg,data/real_world_images/flickr_000140.jpg,Santa Monica Pier,beach,california,"['beach', 'landmark', 'architecture', 'travel']",2748,0.8506321222888177
flickr_000141,Santa Monica Pier - Photo 8,34.01078532478126,-118.49716509012435,13,2025-10-04,https://live.staticflickr.com/photos/fake/141.jpg,data/real_world_images/flickr_000141.jpg,Santa Monica Pier,beach,california,"['beach', 'landmark', 'architecture', 'travel']",7821,0.9441385764061043
flickr_000142,Santa Monica Pier - Photo 9,34.00966041409417,-118.49751956117362,7,2025-10-04,https://live.staticflickr.com/photos/fake/142.jpg,data/real_world_images/flickr_000142.jpg,Santa Monica Pier,beach,california,"['beach', 'landmark', 'architecture', 'travel']",8023,0.9046010880646963
flickr_000143,Joshua Tree - Photo 1,33.874011252162695,-115.9008994941905,6,2025-10-04,https://live.staticflickr.com/photos/fake/143.jpg,data/real_world_images/flickr_000143.jpg,Joshua Tree,desert,california,"['desert', 'landmark', 'architecture', 'travel']",3652,0.8056225166924568
flickr_000144,Joshua Tree - Photo 2,33.8726454407729,-115.90064981244528,7,2025-10-04,https://live.staticflickr.com/photos/fake/144.jpg,data/real_world_images/flickr_000144.jpg,Joshua Tree,desert,california,"['desert', 'landmark', 'architecture', 'travel']",1499,0.7346357101474799
flickr_000145,Joshua Tree - Photo 3,33.87438127583925,-115.89923824809757,14,2025-10-04,https://live.staticflickr.com/photos/fake/145.jpg,data/real_world_images/flickr_000145.jpg,Joshua Tree,desert,california,"['desert', 'landmark', 'architecture', 'travel']",5198,0.8072491132250565
flickr_000146,Joshua Tree - Photo 4,33.87107245227887,-115.90070620724747,10,2025-10-04,https://live.staticflickr.com/photos/fake/146.jpg,data/real_world_images/flickr_000146.jpg,Joshua Tree,desert,california,"['desert', 'landmark', 'architecture', 'travel']",293,0.7380918656355117
flickr_000147,Joshua Tree - Photo 5,33.87564542074885,-115.90264199623527,12,2025-10-04,https://live.staticflickr.com/photos/fake/147.jpg,data/real_world_images/flickr_000147.jpg,Joshua Tree,desert,california,"['desert', 'landmark', 'architecture', 'travel']",1551,0.9481461436500793
flickr_000148,Joshua Tree - Photo 6,33.87320639882823,-115.90010519900044,11,2025-10-04,https://live.staticflickr.com/photos/fake/148.jpg,data/real_world_images/flickr_000148.jpg,Joshua Tree,desert,california,"['desert', 'landmark', 'architecture', 'travel']",7037,0.7089366369502362
flickr_000149,Joshua Tree - Photo 7,33.8745134128247,-115.90168257358427,6,2025-10-04,https://live.staticflickr.com/photos/fake/149.jpg,data/real_world_images/flickr_000149.jpg,Joshua Tree,desert,california,"['desert', 'landmark', 'architecture', 'travel']",1324,0.7346801288262202
flickr_000150,Joshua Tree - Photo 8,33.87313557399179,-115.90332927879092,7,2025-10-04,https://live.staticflickr.com/photos/fake/150.jpg,data/real_world_images/flickr_000150.jpg,Joshua Tree,desert,california,"['desert', 'landmark', 'architecture', 'travel']",2319,0.8657430166292353
flickr_000151,Monument Valley - Photo 1,36.99644326232816,-110.10279020752039,14,2025-10-04,https://live.staticflickr.com/photos/fake/151.jpg,data/real_world_images/flickr_000151.jpg,Monument Valley,desert,utah,"['desert', 'landmark', 'architecture', 'travel']",523,0.9127956942167839
flickr_000152,Monument Valley - Photo 2,36.99596671505999,-110.10221537451638,13,2025-10-04,https://live.staticflickr.com/photos/fake/152.jpg,data/real_world_images/flickr_000152.jpg,Monument Valley,desert,utah,"['desert', 'landmark', 'architecture', 'travel']",5274,0.8698401363399735
flickr_000153,Monument Valley - Photo 3,36.997972741481384,-110.10341817834572,8,2025-10-04,https://live.staticflickr.com/photos/fake/153.jpg,data/real_world_images/flickr_000153.jpg,Monument Valley,desert,utah,"['desert', 'landmark', 'architecture', 'travel']",5247,0.885666795835379
flickr_000154,Monument Valley - Photo 4,36.998280331802505,-110.1040077038424,11,2025-10-04,https://live.staticflickr.com/photos/fake/154.jpg,data/real_world_images/flickr_000154.jpg,Monument Valley,desert,utah,"['desert', 'landmark', 'architecture', 'travel']",3901,0.9316527488775962
flickr_000155,Monument Valley - Photo 5,36.99656918599425,-110.10178908694047,12,2025-10-04,https://live.staticflickr.com/photos/fake/155.jpg,data/real_world_images/flickr_000155.jpg,Monument Valley,desert,utah,"['desert', 'landmark', 'architecture', 'travel']",3210,0.8470581033830937
flickr_000156,Monument Valley - Photo 6,36.99761768620204,-110.10360556064192,9,2025-10-04,https://live.staticflickr.com/photos/fake/156.jpg,data/real_world_images/flickr_000156.jpg,Monument Valley,desert,utah,"['desert', 'landmark', 'architecture', 'travel']",1520,0.8079468705942823
flickr_000157,Monument Valley - Photo 7,36.99880826615422,-110.1028150510509,13,2025-10-04,https://live.staticflickr.com/photos/fake/157.jpg,data/real_world_images/flickr_000157.jpg,Monument Valley,desert,utah,"['desert', 'landmark', 'architecture', 'travel']",6049,0.7371650041871044
flickr_000158,Monument Valley - Photo 8,36.997421509187866,-110.10175096144742,12,2025-10-04,https://live.staticflickr.com/photos/fake/158.jpg,data/real_world_images/flickr_000158.jpg,Monument Valley,desert,utah,"['desert', 'landmark', 'architecture', 'travel']",3127,0.713249815717077
flickr_000159,Monument Valley - Photo 9,36.99726893249188,-110.10162035009817,10,2025-10-04,https://live.staticflickr.com/photos/fake/159.jpg,data/real_world_images/flickr_000159.jpg,Monument Valley,desert,utah,"['desert', 'landmark', 'architecture', 'travel']",1198,0.706534207584143
flickr_000160,Monument Valley - Photo 10,36.996719534044054,-110.10308890070999,5,2025-10-04,https://live.staticflickr.com/photos/fake/160.jpg,data/real_world_images/flickr_000160.jpg,Monument Valley,desert,utah,"['desert', 'landmark', 'architecture', 'travel']",9017,0.7560316969872989
flickr_000161,Monument Valley - Photo 11,36.99888565807497,-110.10252267614705,8,2025-10-04,https://live.staticflickr.com/photos/fake/161.jpg,data/real_world_images/flickr_000161.jpg,Monument Valley,desert,utah,"['desert', 'landmark', 'architecture', 'travel']",4131,0.7145060086367081
flickr_000162,Monument Valley - Photo 12,36.9981983649057,-110.10289503907987,13,2025-10-04,https://live.staticflickr.com/photos/fake/162.jpg,data/real_world_images/flickr_000162.jpg,Monument Valley,desert,utah,"['desert', 'landmark', 'architecture', 'travel']",6997,0.7965505300162096
flickr_000163,Monument Valley - Photo 13,36.997216496789704,-110.1017723806266,8,2025-10-04,https://live.staticflickr.com/photos/fake/163.jpg,data/real_world_images/flickr_000163.jpg,Monument Valley,desert,utah,"['desert', 'landmark', 'architecture', 'travel']",6181,0.7859321118349826
flickr_000164,Monument Valley - Photo 14,36.997784192427815,-110.10235896166935,14,2025-10-04,https://live.staticflickr.com/photos/fake/164.jpg,data/real_world_images/flickr_000164.jpg,Monument Valley,desert,utah,"['desert', 'landmark', 'architecture', 'travel']",9755,0.9164159980493589
flickr_000165,Machu Picchu - Photo 1,-13.162597859204052,-72.54267372756962,10,2025-10-04,https://live.staticflickr.com/photos/fake/165.jpg,data/real_world_images/flickr_000165.jpg,Machu Picchu,historic,peru,"['historic', 'landmark', 'architecture', 'travel']",124,0.8310256304125717
flickr_000166,Machu Picchu - Photo 2,-13.165105886463518,-72.54371576066553,11,2025-10-04,https://live.staticflickr.com/photos/fake/166.jpg,data/real_world_images/flickr_000166.jpg,Machu Picchu,historic,peru,"['historic', 'landmark', 'architecture', 'travel']",7094,0.9285310590696962
flickr_000167,Machu Picchu - Photo 3,-13.163891820635127,-72.54692856419643,7,2025-10-04,https://live.staticflickr.com/photos/fake/167.jpg,data/real_world_images/flickr_000167.jpg,Machu Picchu,historic,peru,"['historic', 'landmark', 'architecture', 'travel']",9226,0.7472565521614969
flickr_000168,Machu Picchu - Photo 4,-13.163232165929362,-72.54403616302771,14,2025-10-04,https://live.staticflickr.com/photos/fake/168.jpg,data/real_world_images/flickr_000168.jpg,Machu Picchu,historic,peru,"['historic', 'landmark', 'architecture', 'travel']",9538,0.7151483850840933
flickr_000169,Machu Picchu - Photo 5,-13.162921417292761,-72.54493600581813,9,2025-10-04,https://live.staticflickr.com/photos/fake/169.jpg,data/real_world_images/flickr_000169.jpg,Machu Picchu,historic,peru,"['historic', 'landmark', 'architecture', 'travel']",6836,0.7429629276699048
flickr_000170,Machu Picchu - Photo 6,-13.164566205665288,-72.54339506597815,8,2025-10-04,https://live.staticflickr.com/photos/fake/170.jpg,data/real_world_images/flickr_000170.jpg,Machu Picchu,historic,peru,"['historic', 'landmark', 'architecture', 'travel']",1497,0.7907455969086894
flickr_000171,Machu Picchu - Photo 7,-13.16404244784453,-72.54467646502216,9,2025-10-04,https://live.staticflickr.com/photos/fake/171.jpg,data/real_world_images/flickr_000171.jpg,Machu Picchu,historic,peru,"['historic', 'landmark', 'architecture', 'travel']",2132,0.8000158139047624
flickr_000172,Machu Picchu - Photo 8,-13.162469515972123,-72.54584275932567,12,2025-10-04,https://live.staticflickr.com/photos/fake/172.jpg,data/real_world_images/flickr_000172.jpg,Machu Picchu,historic,peru,"['historic', 'landmark', 'architecture', 'travel']",7556,0.7842790188119511
flickr_000173,Machu Picchu - Photo 9,-13.161365734916528,-72.54463496491731,9,2025-10-04,https://live.staticflickr.com/photos/fake/173.jpg,data/real_world_images/flickr_000173.jpg,Machu Picchu,historic,peru,"['historic', 'landmark', 'architecture', 'travel']",6347,0.84814112007054
flickr_000174,Machu Picchu - Photo 10,-13.163456132590404,-72.54312575882831,10,2025-10-04,https://live.staticflickr.com/photos/fake/174.jpg,data/real_world_images/flickr_000174.jpg,Machu Picchu,historic,peru,"['historic', 'landmark', 'architecture', 'travel']",1034,0.8749618701447821
flickr_000175,Sydney Opera House - Photo 1,-33.857298925821304,151.21655412719898,6,2025-10-04,https://live.staticflickr.com/photos/fake/175.jpg,data/real_world_images/flickr_000175.jpg,Sydney Opera House,landmark,australia,"['landmark', 'landmark', 'architecture', 'travel']",4360,0.9091492888987986
flickr_000176,Sydney Opera House - Photo 2,-33.85590505054356,151.21595491575445,15,2025-10-04,https://live.staticflickr.com/photos/fake/176.jpg,data/real_world_images/flickr_000176.jpg,Sydney Opera House,landmark,australia,"['landmark', 'landmark', 'architecture', 'travel']",1767,0.8853774408295674
flickr_000177,Sydney Opera House - Photo 3,-33.85863166146097,151.21561081260708,10,2025-10-04,https://live.staticflickr.com/photos/fake/177.jpg,data/real_world_images/flickr_000177.jpg,Sydney Opera House,landmark,australia,"['landmark', 'landmark', 'architecture', 'travel']",8313,0.8740504522152672
flickr_000178,Sydney Opera House - Photo 4,-33.856033084708656,151.21619282187496,8,2025-10-04,https://live.staticflickr.com/photos/fake/178.jpg,data/real_world_images/flickr_000178.jpg,Sydney Opera House,landmark,australia,"['landmark', 'landmark', 'architecture', 'travel']",6028,0.842483035751937
flickr_000179,Sydney Opera House - Photo 5,-33.85569749473229,151.21436524647171,14,2025-10-04,https://live.staticflickr.com/photos/fake/179.jpg,data/real_world_images/flickr_000179.jpg,Sydney Opera House,landmark,australia,"['landmark', 'landmark', 'architecture', 'travel']",6611,0.8503513066520008
flickr_000180,Sydney Opera House - Photo 6,-33.8564913996533,151.2149525406898,10,2025-10-04,https://live.staticflickr.com/photos/fake/180.jpg,data/real_world_images/flickr_000180.jpg,Sydney Opera House,landmark,australia,"['landmark', 'landmark', 'architecture', 'travel']",7610,0.7194134462570708
flickr_000181,Sydney Opera House - Photo 7,-33.858090454194276,151.214697422544,8,2025-10-04,https://live.staticflickr.com/photos/fake/181.jpg,data/real_world_images/flickr_000181.jpg,Sydney Opera House,landmark,australia,"['landmark', 'landmark', 'architecture', 'travel']",703,0.8890327880083279
flickr_000182,Sydney Opera House - Photo 8,-33.85666534993539,151.21434271031166,9,2025-10-04,https://live.staticflickr.com/photos/fake/182.jpg,data/real_world_images/flickr_000182.jpg,Sydney Opera House,landmark,australia,"['landmark', 'landmark', 'architecture', 'travel']",452,0.8973227208046726
flickr_000183,Sydney Opera House - Photo 9,-33.856463637207675,151.2151724783301,7,2025-10-04,https://live.staticflickr.com/photos/fake/183.jpg,data/real_world_images/flickr_000183.jpg,Sydney Opera House,landmark,australia,"['landmark', 'landmark', 'architecture', 'travel']",2230,0.8145104798763748
flickr_000184,Sydney Opera House - Photo 10,-33.85775774859626,151.21455241819163,8,2025-10-04,https://live.staticflickr.com/photos/fake/184.jpg,data/real_world_images/flickr_000184.jpg,Sydney Opera House,landmark,australia,"['landmark', 'landmark', 'architecture', 'travel']",5435,0.7859649992427176
flickr_000185,Mount Fuji - Photo 1,35.36106828209648,138.72874825301543,9,2025-10-04,https://live.staticflickr.com/photos/fake/185.jpg,data/real_world_images/flickr_000185.jpg,Mount Fuji,natural,japan,"['natural', 'landmark', 'architecture', 'travel']",7284,0.8031810409614951
flickr_000186,Mount Fuji - Photo 2,35.36098982236872,138.7266181546238,12,2025-10-04,https://live.staticflickr.com/photos/fake/186.jpg,data/real_world_images/flickr_000186.jpg,Mount Fuji,natural,japan,"['natural', 'landmark', 'architecture', 'travel']",2292,0.8220014481845652
flickr_000187,Mount Fuji - Photo 3,35.360221962814386,138.7280221178438,12,2025-10-04,https://live.staticflickr.com/photos/fake/187.jpg,data/real_world_images/flickr_000187.jpg,Mount Fuji,natural,japan,"['natural', 'landmark', 'architecture', 'travel']",2066,0.8576070222014243
flickr_000188,Mount Fuji - Photo 4,35.3612286378125,138.72825701511084,15,2025-10-04,https://live.staticflickr.com/photos/fake/188.jpg,data/real_world_images/flickr_000188.jpg,Mount Fuji,natural,japan,"['natural', 'landmark', 'architecture', 'travel']",2833,0.7258639156096023
flickr_000189,Mount Fuji - Photo 5,35.360205468537,138.72928067988832,5,2025-10-04,https://live.staticflickr.com/photos/fake/189.jpg,data/real_world_images/flickr_000189.jpg,Mount Fuji,natural,japan,"['natural', 'landmark', 'architecture', 'travel']",952,0.7792472718141299
flickr_000190,Mount Fuji - Photo 6,35.36070657228092,138.72766516540963,7,2025-10-04,https://live.staticflickr.com/photos/fake/190.jpg,data/real_world_images/flickr_000190.jpg,Mount Fuji,natural,japan,"['natural', 'landmark', 'architecture', 'travel']",2859,0.790849523807956
flickr_000191,Mount Fuji - Photo 7,35.36308627508994,138.7256972866586,8,2025-10-04,https://live.staticflickr.com/photos/fake/191.jpg,data/real_world_images/flickr_000191.jpg,Mount Fuji,natural,japan,"['natural', 'landmark', 'architecture', 'travel']",6902,0.9204146161642812
flickr_000192,Mount Fuji - Photo 8,35.360533607231126,138.72651176051193,13,2025-10-04,https://live.staticflickr.com/photos/fake/192.jpg,data/real_world_images/flickr_000192.jpg,Mount Fuji,natural,japan,"['natural', 'landmark', 'architecture', 'travel']",1810,0.9157607362712342
